name,surname,gender,age,country,city,email,phone
ANDRII POSTOLIUK,POSTOLIUK,MALE,25,Ukraine,Kyiv,test_07@email.com,0673788612
ANDRII POSTOLIUK,POSTOLIUK,MALE,25,Ukraine,Kyiv,test_06@email.com,0673788612
ANDRII POSTOLIUK,POSTOLIUK,MALE,25,Ukraine,Kyiv,test_02@email.com,0673788612
ANDRII POSTOLIUK,POSTOLIUK,MALE,25,Ukraine,Kyiv,test_01@email.com,0673788612
ANDRII POSTOLIUK,POSTOLIUK,MALE,25,Ukraine,Kyiv,test_03@email.com,0673788612
ANDRII POSTOLIUK,POSTOLIUK,MALE,25,Ukraine,Kyiv,test_08@email.com,0673788612
ANDRII POSTOLIUK,POSTOLIUK,MALE,25,Ukraine,Kyiv,test_09@email.com,0673788612
ANDRII POSTOLIUK,POSTOLIUK,MALE,25,Ukraine,Kyiv,test_10@email.com,0673788612
ANDRII POSTOLIUK,POSTOLIUK,MALE,25,Ukraine,Kyiv,test_11@email.com,0673788612
ANDRII POSTOLIUK,POSTOLIUK,MALE,25,Ukraine,Kyiv,test_14@email.com,0673788612
ANDRII POSTOLIUK,POSTOLIUK,MALE,25,Ukraine,Kyiv,test_13@email.com,0673788612
ANDRII POSTOLIUK,POSTOLIUK,MALE,25,Ukraine,Kyiv,test_12@email.com,0673788612
ANDRII POSTOLIUK,POSTOLIUK,MALE,25,Ukraine,Kyiv,test_15@email.com,0673788612
ANDRII POSTOLIUK,POSTOLIUK,MALE,25,Ukraine,Kyiv,super@email.com,0673788612
ANDRII POSTOLIUK,POSTOLIUK,MALE,25,Ukraine,Kyiv,test_022@email.com,0673788612
ANDRII POSTOLIUK,POSTOLIUK,MALE,25,Ukraine,Kyiv,test_04@email.com,0673788612
ANDRII POSTOLIUK,POSTOLIUK,MALE,25,Ukraine,Kyiv,admin@email.com,0673788612
,POSTOLIUK,MALE,25,Ukraine,Kyiv,test_21@email.com,0673788612
ANDRII POSTOLIUK,POSTOLIUK,MALE,0,,Kyiv,test_22@email.com,0673788612
ANDRII POSTOLIUK,POSTOLIUK,MALE,25,Ukraine,Kyiv,corona.alena@email.com,0673788612